date_key,full_date,calendar_year,calendar_month,month_name,day_of_month,day_name
20250101,2025-01-01,2025,1,January,1,Wednesday
20250102,2025-01-02,2025,1,January,2,Thursday
20250103,2025-01-03,2025,1,January,3,Friday
20250104,2025-01-04,2025,1,January,4,Saturday
20250105,2025-01-05,2025,1,January,5,Sunday
20250106,2025-01-06,2025,1,January,6,Monday
20250107,2025-01-07,2025,1,January,7,Tuesday
20250108,2025-01-08,2025,1,January,8,Wednesday
20250109,2025-01-09,2025,1,January,9,Thursday
20250110,2025-01-10,2025,1,January,10,Friday
20250111,2025-01-11,2025,1,January,11,Saturday
20250112,2025-01-12,2025,1,January,12,Sunday
20250113,2025-01-13,2025,1,January,13,Monday
20250114,2025-01-14,2025,1,January,14,Tuesday
20250115,2025-01-15,2025,1,January,15,Wednesday
20250116,2025-01-16,2025,1,January,16,Thursday
20250117,2025-01-17,2025,1,January,17,Friday
20250118,2025-01-18,2025,1,January,18,Saturday
20250119,2025-01-19,2025,1,January,19,Sunday
20250120,2025-01-20,2025,1,January,20,Monday
20250121,2025-01-21,2025,1,January,21,Tuesday
20250122,2025-01-22,2025,1,January,22,Wednesday
20250123,2025-01-23,2025,1,January,23,Thursday
20250124,2025-01-24,2025,1,January,24,Friday
20250125,2025-01-25,2025,1,January,25,Saturday
20250126,2025-01-26,2025,1,January,26,Sunday
20250127,2025-01-27,2025,1,January,27,Monday
20250128,2025-01-28,2025,1,January,28,Tuesday
20250129,2025-01-29,2025,1,January,29,Wednesday
20250130,2025-01-30,2025,1,January,30,Thursday
20250131,2025-01-31,2025,1,January,31,Friday
20250201,2025-02-01,2025,2,February,1,Saturday
20250202,2025-02-02,2025,2,February,2,Sunday
20250203,2025-02-03,2025,2,February,3,Monday
20250204,2025-02-04,2025,2,February,4,Tuesday
20250205,2025-02-05,2025,2,February,5,Wednesday
20250206,2025-02-06,2025,2,February,6,Thursday
20250207,2025-02-07,2025,2,February,7,Friday
20250208,2025-02-08,2025,2,February,8,Saturday
20250209,2025-02-09,2025,2,February,9,Sunday
20250210,2025-02-10,2025,2,February,10,Monday
20250211,2025-02-11,2025,2,February,11,Tuesday
20250212,2025-02-12,2025,2,February,12,Wednesday
20250213,2025-02-13,2025,2,February,13,Thursday
20250214,2025-02-14,2025,2,February,14,Friday
20250215,2025-02-15,2025,2,February,15,Saturday
20250216,2025-02-16,2025,2,February,16,Sunday
20250217,2025-02-17,2025,2,February,17,Monday
20250218,2025-02-18,2025,2,February,18,Tuesday
20250219,2025-02-19,2025,2,February,19,Wednesday
20250220,2025-02-20,2025,2,February,20,Thursday
20250221,2025-02-21,2025,2,February,21,Friday
20250222,2025-02-22,2025,2,February,22,Saturday
20250223,2025-02-23,2025,2,February,23,Sunday
20250224,2025-02-24,2025,2,February,24,Monday
20250225,2025-02-25,2025,2,February,25,Tuesday
20250226,2025-02-26,2025,2,February,26,Wednesday
20250227,2025-02-27,2025,2,February,27,Thursday
20250228,2025-02-28,2025,2,February,28,Friday
20250301,2025-03-01,2025,3,March,1,Saturday
20250302,2025-03-02,2025,3,March,2,Sunday
20250303,2025-03-03,2025,3,March,3,Monday
20250304,2025-03-04,2025,3,March,4,Tuesday
20250305,2025-03-05,2025,3,March,5,Wednesday
20250306,2025-03-06,2025,3,March,6,Thursday
20250307,2025-03-07,2025,3,March,7,Friday
20250308,2025-03-08,2025,3,March,8,Saturday
20250309,2025-03-09,2025,3,March,9,Sunday
20250310,2025-03-10,2025,3,March,10,Monday
20250311,2025-03-11,2025,3,March,11,Tuesday
20250312,2025-03-12,2025,3,March,12,Wednesday
20250313,2025-03-13,2025,3,March,13,Thursday
20250314,2025-03-14,2025,3,March,14,Friday
20250315,2025-03-15,2025,3,March,15,Saturday
20250316,2025-03-16,2025,3,March,16,Sunday
20250317,2025-03-17,2025,3,March,17,Monday
20250318,2025-03-18,2025,3,March,18,Tuesday
20250319,2025-03-19,2025,3,March,19,Wednesday
20250320,2025-03-20,2025,3,March,20,Thursday
20250321,2025-03-21,2025,3,March,21,Friday
20250322,2025-03-22,2025,3,March,22,Saturday
20250323,2025-03-23,2025,3,March,23,Sunday
20250324,2025-03-24,2025,3,March,24,Monday
20250325,2025-03-25,2025,3,March,25,Tuesday
20250326,2025-03-26,2025,3,March,26,Wednesday
20250327,2025-03-27,2025,3,March,27,Thursday
20250328,2025-03-28,2025,3,March,28,Friday
20250329,2025-03-29,2025,3,March,29,Saturday
20250330,2025-03-30,2025,3,March,30,Sunday
20250331,2025-03-31,2025,3,March,31,Monday
20250401,2025-04-01,2025,4,April,1,Tuesday
20250402,2025-04-02,2025,4,April,2,Wednesday
20250403,2025-04-03,2025,4,April,3,Thursday
20250404,2025-04-04,2025,4,April,4,Friday
20250405,2025-04-05,2025,4,April,5,Saturday
20250406,2025-04-06,2025,4,April,6,Sunday
20250407,2025-04-07,2025,4,April,7,Monday
20250408,2025-04-08,2025,4,April,8,Tuesday
20250409,2025-04-09,2025,4,April,9,Wednesday
20250410,2025-04-10,2025,4,April,10,Thursday
20250411,2025-04-11,2025,4,April,11,Friday
20250412,2025-04-12,2025,4,April,12,Saturday
20250413,2025-04-13,2025,4,April,13,Sunday
20250414,2025-04-14,2025,4,April,14,Monday
20250415,2025-04-15,2025,4,April,15,Tuesday
20250416,2025-04-16,2025,4,April,16,Wednesday
20250417,2025-04-17,2025,4,April,17,Thursday
20250418,2025-04-18,2025,4,April,18,Friday
20250419,2025-04-19,2025,4,April,19,Saturday
20250420,2025-04-20,2025,4,April,20,Sunday
20250421,2025-04-21,2025,4,April,21,Monday
20250422,2025-04-22,2025,4,April,22,Tuesday
20250423,2025-04-23,2025,4,April,23,Wednesday
20250424,2025-04-24,2025,4,April,24,Thursday
20250425,2025-04-25,2025,4,April,25,Friday
20250426,2025-04-26,2025,4,April,26,Saturday
20250427,2025-04-27,2025,4,April,27,Sunday
20250428,2025-04-28,2025,4,April,28,Monday
20250429,2025-04-29,2025,4,April,29,Tuesday
20250430,2025-04-30,2025,4,April,30,Wednesday
20250501,2025-05-01,2025,5,May,1,Thursday
20250502,2025-05-02,2025,5,May,2,Friday
20250503,2025-05-03,2025,5,May,3,Saturday
20250504,2025-05-04,2025,5,May,4,Sunday
20250505,2025-05-05,2025,5,May,5,Monday
20250506,2025-05-06,2025,5,May,6,Tuesday
20250507,2025-05-07,2025,5,May,7,Wednesday
20250508,2025-05-08,2025,5,May,8,Thursday
20250509,2025-05-09,2025,5,May,9,Friday
20250510,2025-05-10,2025,5,May,10,Saturday
20250511,2025-05-11,2025,5,May,11,Sunday
20250512,2025-05-12,2025,5,May,12,Monday
20250513,2025-05-13,2025,5,May,13,Tuesday
20250514,2025-05-14,2025,5,May,14,Wednesday
20250515,2025-05-15,2025,5,May,15,Thursday
20250516,2025-05-16,2025,5,May,16,Friday
20250517,2025-05-17,2025,5,May,17,Saturday
20250518,2025-05-18,2025,5,May,18,Sunday
20250519,2025-05-19,2025,5,May,19,Monday
20250520,2025-05-20,2025,5,May,20,Tuesday
20250521,2025-05-21,2025,5,May,21,Wednesday
20250522,2025-05-22,2025,5,May,22,Thursday
20250523,2025-05-23,2025,5,May,23,Friday
20250524,2025-05-24,2025,5,May,24,Saturday
20250525,2025-05-25,2025,5,May,25,Sunday
20250526,2025-05-26,2025,5,May,26,Monday
20250527,2025-05-27,2025,5,May,27,Tuesday
20250528,2025-05-28,2025,5,May,28,Wednesday
20250529,2025-05-29,2025,5,May,29,Thursday
20250530,2025-05-30,2025,5,May,30,Friday
20250531,2025-05-31,2025,5,May,31,Saturday
20250601,2025-06-01,2025,6,June,1,Sunday
20250602,2025-06-02,2025,6,June,2,Monday
20250603,2025-06-03,2025,6,June,3,Tuesday
20250604,2025-06-04,2025,6,June,4,Wednesday
20250605,2025-06-05,2025,6,June,5,Thursday
20250606,2025-06-06,2025,6,June,6,Friday
20250607,2025-06-07,2025,6,June,7,Saturday
20250608,2025-06-08,2025,6,June,8,Sunday
20250609,2025-06-09,2025,6,June,9,Monday
20250610,2025-06-10,2025,6,June,10,Tuesday
20250611,2025-06-11,2025,6,June,11,Wednesday
20250612,2025-06-12,2025,6,June,12,Thursday
20250613,2025-06-13,2025,6,June,13,Friday
20250614,2025-06-14,2025,6,June,14,Saturday
20250615,2025-06-15,2025,6,June,15,Sunday
20250616,2025-06-16,2025,6,June,16,Monday
20250617,2025-06-17,2025,6,June,17,Tuesday
20250618,2025-06-18,2025,6,June,18,Wednesday
20250619,2025-06-19,2025,6,June,19,Thursday
20250620,2025-06-20,2025,6,June,20,Friday
20250621,2025-06-21,2025,6,June,21,Saturday
20250622,2025-06-22,2025,6,June,22,Sunday
20250623,2025-06-23,2025,6,June,23,Monday
20250624,2025-06-24,2025,6,June,24,Tuesday
20250625,2025-06-25,2025,6,June,25,Wednesday
20250626,2025-06-26,2025,6,June,26,Thursday
20250627,2025-06-27,2025,6,June,27,Friday
20250628,2025-06-28,2025,6,June,28,Saturday
20250629,2025-06-29,2025,6,June,29,Sunday
20250630,2025-06-30,2025,6,June,30,Monday
20250701,2025-07-01,2025,7,July,1,Tuesday
20250702,2025-07-02,2025,7,July,2,Wednesday
20250703,2025-07-03,2025,7,July,3,Thursday
20250704,2025-07-04,2025,7,July,4,Friday
20250705,2025-07-05,2025,7,July,5,Saturday
20250706,2025-07-06,2025,7,July,6,Sunday
20250707,2025-07-07,2025,7,July,7,Monday
20250708,2025-07-08,2025,7,July,8,Tuesday
20250709,2025-07-09,2025,7,July,9,Wednesday
20250710,2025-07-10,2025,7,July,10,Thursday
20250711,2025-07-11,2025,7,July,11,Friday
20250712,2025-07-12,2025,7,July,12,Saturday
20250713,2025-07-13,2025,7,July,13,Sunday
20250714,2025-07-14,2025,7,July,14,Monday
20250715,2025-07-15,2025,7,July,15,Tuesday
20250716,2025-07-16,2025,7,July,16,Wednesday
20250717,2025-07-17,2025,7,July,17,Thursday
20250718,2025-07-18,2025,7,July,18,Friday
20250719,2025-07-19,2025,7,July,19,Saturday
20250720,2025-07-20,2025,7,July,20,Sunday
20250721,2025-07-21,2025,7,July,21,Monday
20250722,2025-07-22,2025,7,July,22,Tuesday
20250723,2025-07-23,2025,7,July,23,Wednesday
20250724,2025-07-24,2025,7,July,24,Thursday
20250725,2025-07-25,2025,7,July,25,Friday
20250726,2025-07-26,2025,7,July,26,Saturday
20250727,2025-07-27,2025,7,July,27,Sunday
20250728,2025-07-28,2025,7,July,28,Monday
20250729,2025-07-29,2025,7,July,29,Tuesday
20250730,2025-07-30,2025,7,July,30,Wednesday
20250731,2025-07-31,2025,7,July,31,Thursday
20250801,2025-08-01,2025,8,August,1,Friday
20250802,2025-08-02,2025,8,August,2,Saturday
20250803,2025-08-03,2025,8,August,3,Sunday
20250804,2025-08-04,2025,8,August,4,Monday
20250805,2025-08-05,2025,8,August,5,Tuesday
20250806,2025-08-06,2025,8,August,6,Wednesday
20250807,2025-08-07,2025,8,August,7,Thursday
20250808,2025-08-08,2025,8,August,8,Friday
20250809,2025-08-09,2025,8,August,9,Saturday
20250810,2025-08-10,2025,8,August,10,Sunday
20250811,2025-08-11,2025,8,August,11,Monday
20250812,2025-08-12,2025,8,August,12,Tuesday
20250813,2025-08-13,2025,8,August,13,Wednesday
20250814,2025-08-14,2025,8,August,14,Thursday
20250815,2025-08-15,2025,8,August,15,Friday
20250816,2025-08-16,2025,8,August,16,Saturday
20250817,2025-08-17,2025,8,August,17,Sunday
20250818,2025-08-18,2025,8,August,18,Monday
20250819,2025-08-19,2025,8,August,19,Tuesday
20250820,2025-08-20,2025,8,August,20,Wednesday
20250821,2025-08-21,2025,8,August,21,Thursday
20250822,2025-08-22,2025,8,August,22,Friday
20250823,2025-08-23,2025,8,August,23,Saturday
20250824,2025-08-24,2025,8,August,24,Sunday
20250825,2025-08-25,2025,8,August,25,Monday
20250826,2025-08-26,2025,8,August,26,Tuesday
20250827,2025-08-27,2025,8,August,27,Wednesday
20250828,2025-08-28,2025,8,August,28,Thursday
20250829,2025-08-29,2025,8,August,29,Friday
20250830,2025-08-30,2025,8,August,30,Saturday
20250831,2025-08-31,2025,8,August,31,Sunday
20250901,2025-09-01,2025,9,September,1,Monday
20250902,2025-09-02,2025,9,September,2,Tuesday
20250903,2025-09-03,2025,9,September,3,Wednesday
20250904,2025-09-04,2025,9,September,4,Thursday
20250905,2025-09-05,2025,9,September,5,Friday
20250906,2025-09-06,2025,9,September,6,Saturday
20250907,2025-09-07,2025,9,September,7,Sunday
20250908,2025-09-08,2025,9,September,8,Monday
20250909,2025-09-09,2025,9,September,9,Tuesday
20250910,2025-09-10,2025,9,September,10,Wednesday
20250911,2025-09-11,2025,9,September,11,Thursday
20250912,2025-09-12,2025,9,September,12,Friday
20250913,2025-09-13,2025,9,September,13,Saturday
20250914,2025-09-14,2025,9,September,14,Sunday
20250915,2025-09-15,2025,9,September,15,Monday
20250916,2025-09-16,2025,9,September,16,Tuesday
20250917,2025-09-17,2025,9,September,17,Wednesday
20250918,2025-09-18,2025,9,September,18,Thursday
20250919,2025-09-19,2025,9,September,19,Friday
20250920,2025-09-20,2025,9,September,20,Saturday
20250921,2025-09-21,2025,9,September,21,Sunday
20250922,2025-09-22,2025,9,September,22,Monday
20250923,2025-09-23,2025,9,September,23,Tuesday
20250924,2025-09-24,2025,9,September,24,Wednesday
20250925,2025-09-25,2025,9,September,25,Thursday
20250926,2025-09-26,2025,9,September,26,Friday
20250927,2025-09-27,2025,9,September,27,Saturday
20250928,2025-09-28,2025,9,September,28,Sunday
20250929,2025-09-29,2025,9,September,29,Monday
20250930,2025-09-30,2025,9,September,30,Tuesday
20251001,2025-10-01,2025,10,October,1,Wednesday
20251002,2025-10-02,2025,10,October,2,Thursday
20251003,2025-10-03,2025,10,October,3,Friday
20251004,2025-10-04,2025,10,October,4,Saturday
20251005,2025-10-05,2025,10,October,5,Sunday
20251006,2025-10-06,2025,10,October,6,Monday
20251007,2025-10-07,2025,10,October,7,Tuesday
20251008,2025-10-08,2025,10,October,8,Wednesday
20251009,2025-10-09,2025,10,October,9,Thursday
20251010,2025-10-10,2025,10,October,10,Friday
20251011,2025-10-11,2025,10,October,11,Saturday
20251012,2025-10-12,2025,10,October,12,Sunday
20251013,2025-10-13,2025,10,October,13,Monday
20251014,2025-10-14,2025,10,October,14,Tuesday
20251015,2025-10-15,2025,10,October,15,Wednesday
20251016,2025-10-16,2025,10,October,16,Thursday
20251017,2025-10-17,2025,10,October,17,Friday
20251018,2025-10-18,2025,10,October,18,Saturday
20251019,2025-10-19,2025,10,October,19,Sunday
20251020,2025-10-20,2025,10,October,20,Monday
20251021,2025-10-21,2025,10,October,21,Tuesday
20251022,2025-10-22,2025,10,October,22,Wednesday
20251023,2025-10-23,2025,10,October,23,Thursday
20251024,2025-10-24,2025,10,October,24,Friday
20251025,2025-10-25,2025,10,October,25,Saturday
20251026,2025-10-26,2025,10,October,26,Sunday
20251027,2025-10-27,2025,10,October,27,Monday
20251028,2025-10-28,2025,10,October,28,Tuesday
20251029,2025-10-29,2025,10,October,29,Wednesday
20251030,2025-10-30,2025,10,October,30,Thursday
20251031,2025-10-31,2025,10,October,31,Friday
20251101,2025-11-01,2025,11,November,1,Saturday
20251102,2025-11-02,2025,11,November,2,Sunday
20251103,2025-11-03,2025,11,November,3,Monday
20251104,2025-11-04,2025,11,November,4,Tuesday
20251105,2025-11-05,2025,11,November,5,Wednesday
20251106,2025-11-06,2025,11,November,6,Thursday
20251107,2025-11-07,2025,11,November,7,Friday
20251108,2025-11-08,2025,11,November,8,Saturday
20251109,2025-11-09,2025,11,November,9,Sunday
20251110,2025-11-10,2025,11,November,10,Monday
20251111,2025-11-11,2025,11,November,11,Tuesday
20251112,2025-11-12,2025,11,November,12,Wednesday
20251113,2025-11-13,2025,11,November,13,Thursday
20251114,2025-11-14,2025,11,November,14,Friday
20251115,2025-11-15,2025,11,November,15,Saturday
20251116,2025-11-16,2025,11,November,16,Sunday
20251117,2025-11-17,2025,11,November,17,Monday
20251118,2025-11-18,2025,11,November,18,Tuesday
20251119,2025-11-19,2025,11,November,19,Wednesday
20251120,2025-11-20,2025,11,November,20,Thursday
20251121,2025-11-21,2025,11,November,21,Friday
20251122,2025-11-22,2025,11,November,22,Saturday
20251123,2025-11-23,2025,11,November,23,Sunday
20251124,2025-11-24,2025,11,November,24,Monday
20251125,2025-11-25,2025,11,November,25,Tuesday
20251126,2025-11-26,2025,11,November,26,Wednesday
20251127,2025-11-27,2025,11,November,27,Thursday
20251128,2025-11-28,2025,11,November,28,Friday
20251129,2025-11-29,2025,11,November,29,Saturday
20251130,2025-11-30,2025,11,November,30,Sunday
20251201,2025-12-01,2025,12,December,1,Monday
20251202,2025-12-02,2025,12,December,2,Tuesday
20251203,2025-12-03,2025,12,December,3,Wednesday
20251204,2025-12-04,2025,12,December,4,Thursday
20251205,2025-12-05,2025,12,December,5,Friday
20251206,2025-12-06,2025,12,December,6,Saturday
20251207,2025-12-07,2025,12,December,7,Sunday
20251208,2025-12-08,2025,12,December,8,Monday
20251209,2025-12-09,2025,12,December,9,Tuesday
20251210,2025-12-10,2025,12,December,10,Wednesday
20251211,2025-12-11,2025,12,December,11,Thursday
20251212,2025-12-12,2025,12,December,12,Friday
20251213,2025-12-13,2025,12,December,13,Saturday
20251214,2025-12-14,2025,12,December,14,Sunday
20251215,2025-12-15,2025,12,December,15,Monday
20251216,2025-12-16,2025,12,December,16,Tuesday
20251217,2025-12-17,2025,12,December,17,Wednesday
20251218,2025-12-18,2025,12,December,18,Thursday
20251219,2025-12-19,2025,12,December,19,Friday
20251220,2025-12-20,2025,12,December,20,Saturday
20251221,2025-12-21,2025,12,December,21,Sunday
20251222,2025-12-22,2025,12,December,22,Monday
20251223,2025-12-23,2025,12,December,23,Tuesday
20251224,2025-12-24,2025,12,December,24,Wednesday
20251225,2025-12-25,2025,12,December,25,Thursday
20251226,2025-12-26,2025,12,December,26,Friday
20251227,2025-12-27,2025,12,December,27,Saturday
20251228,2025-12-28,2025,12,December,28,Sunday
20251229,2025-12-29,2025,12,December,29,Monday
20251230,2025-12-30,2025,12,December,30,Tuesday
20251231,2025-12-31,2025,12,December,31,Wednesday
20260101,2026-01-01,2026,1,January,1,Thursday
20260102,2026-01-02,2026,1,January,2,Friday
20260103,2026-01-03,2026,1,January,3,Saturday
20260104,2026-01-04,2026,1,January,4,Sunday
20260105,2026-01-05,2026,1,January,5,Monday
20260106,2026-01-06,2026,1,January,6,Tuesday
20260107,2026-01-07,2026,1,January,7,Wednesday
20260108,2026-01-08,2026,1,January,8,Thursday
20260109,2026-01-09,2026,1,January,9,Friday
20260110,2026-01-10,2026,1,January,10,Saturday
20260111,2026-01-11,2026,1,January,11,Sunday
20260112,2026-01-12,2026,1,January,12,Monday
20260113,2026-01-13,2026,1,January,13,Tuesday
20260114,2026-01-14,2026,1,January,14,Wednesday
20260115,2026-01-15,2026,1,January,15,Thursday
20260116,2026-01-16,2026,1,January,16,Friday
20260117,2026-01-17,2026,1,January,17,Saturday
20260118,2026-01-18,2026,1,January,18,Sunday
20260119,2026-01-19,2026,1,January,19,Monday
20260120,2026-01-20,2026,1,January,20,Tuesday
20260121,2026-01-21,2026,1,January,21,Wednesday
20260122,2026-01-22,2026,1,January,22,Thursday
20260123,2026-01-23,2026,1,January,23,Friday
20260124,2026-01-24,2026,1,January,24,Saturday
20260125,2026-01-25,2026,1,January,25,Sunday
20260126,2026-01-26,2026,1,January,26,Monday
20260127,2026-01-27,2026,1,January,27,Tuesday
20260128,2026-01-28,2026,1,January,28,Wednesday
20260129,2026-01-29,2026,1,January,29,Thursday
20260130,2026-01-30,2026,1,January,30,Friday
20260131,2026-01-31,2026,1,January,31,Saturday
20260201,2026-02-01,2026,2,February,1,Sunday
20260202,2026-02-02,2026,2,February,2,Monday
20260203,2026-02-03,2026,2,February,3,Tuesday
20260204,2026-02-04,2026,2,February,4,Wednesday
20260205,2026-02-05,2026,2,February,5,Thursday
20260206,2026-02-06,2026,2,February,6,Friday
20260207,2026-02-07,2026,2,February,7,Saturday
20260208,2026-02-08,2026,2,February,8,Sunday
20260209,2026-02-09,2026,2,February,9,Monday
20260210,2026-02-10,2026,2,February,10,Tuesday
20260211,2026-02-11,2026,2,February,11,Wednesday
20260212,2026-02-12,2026,2,February,12,Thursday
20260213,2026-02-13,2026,2,February,13,Friday
20260214,2026-02-14,2026,2,February,14,Saturday
20260215,2026-02-15,2026,2,February,15,Sunday
20260216,2026-02-16,2026,2,February,16,Monday
20260217,2026-02-17,2026,2,February,17,Tuesday
20260218,2026-02-18,2026,2,February,18,Wednesday
20260219,2026-02-19,2026,2,February,19,Thursday
20260220,2026-02-20,2026,2,February,20,Friday
20260221,2026-02-21,2026,2,February,21,Saturday
20260222,2026-02-22,2026,2,February,22,Sunday
20260223,2026-02-23,2026,2,February,23,Monday
20260224,2026-02-24,2026,2,February,24,Tuesday
20260225,2026-02-25,2026,2,February,25,Wednesday
20260226,2026-02-26,2026,2,February,26,Thursday
20260227,2026-02-27,2026,2,February,27,Friday
20260228,2026-02-28,2026,2,February,28,Saturday
20260301,2026-03-01,2026,3,March,1,Sunday
20260302,2026-03-02,2026,3,March,2,Monday
20260303,2026-03-03,2026,3,March,3,Tuesday
20260304,2026-03-04,2026,3,March,4,Wednesday
20260305,2026-03-05,2026,3,March,5,Thursday
20260306,2026-03-06,2026,3,March,6,Friday
20260307,2026-03-07,2026,3,March,7,Saturday
20260308,2026-03-08,2026,3,March,8,Sunday
20260309,2026-03-09,2026,3,March,9,Monday
20260310,2026-03-10,2026,3,March,10,Tuesday
20260311,2026-03-11,2026,3,March,11,Wednesday
20260312,2026-03-12,2026,3,March,12,Thursday
20260313,2026-03-13,2026,3,March,13,Friday
20260314,2026-03-14,2026,3,March,14,Saturday
20260315,2026-03-15,2026,3,March,15,Sunday
20260316,2026-03-16,2026,3,March,16,Monday
20260317,2026-03-17,2026,3,March,17,Tuesday
20260318,2026-03-18,2026,3,March,18,Wednesday
20260319,2026-03-19,2026,3,March,19,Thursday
20260320,2026-03-20,2026,3,March,20,Friday
20260321,2026-03-21,2026,3,March,21,Saturday
20260322,2026-03-22,2026,3,March,22,Sunday
20260323,2026-03-23,2026,3,March,23,Monday
20260324,2026-03-24,2026,3,March,24,Tuesday
20260325,2026-03-25,2026,3,March,25,Wednesday
20260326,2026-03-26,2026,3,March,26,Thursday
20260327,2026-03-27,2026,3,March,27,Friday
20260328,2026-03-28,2026,3,March,28,Saturday
20260329,2026-03-29,2026,3,March,29,Sunday
20260330,2026-03-30,2026,3,March,30,Monday
20260331,2026-03-31,2026,3,March,31,Tuesday
20260401,2026-04-01,2026,4,April,1,Wednesday
20260402,2026-04-02,2026,4,April,2,Thursday
20260403,2026-04-03,2026,4,April,3,Friday
20260404,2026-04-04,2026,4,April,4,Saturday
20260405,2026-04-05,2026,4,April,5,Sunday
20260406,2026-04-06,2026,4,April,6,Monday
20260407,2026-04-07,2026,4,April,7,Tuesday
20260408,2026-04-08,2026,4,April,8,Wednesday
20260409,2026-04-09,2026,4,April,9,Thursday
20260410,2026-04-10,2026,4,April,10,Friday
20260411,2026-04-11,2026,4,April,11,Saturday
20260412,2026-04-12,2026,4,April,12,Sunday
20260413,2026-04-13,2026,4,April,13,Monday
20260414,2026-04-14,2026,4,April,14,Tuesday
20260415,2026-04-15,2026,4,April,15,Wednesday
20260416,2026-04-16,2026,4,April,16,Thursday
20260417,2026-04-17,2026,4,April,17,Friday
20260418,2026-04-18,2026,4,April,18,Saturday
20260419,2026-04-19,2026,4,April,19,Sunday
20260420,2026-04-20,2026,4,April,20,Monday
20260421,2026-04-21,2026,4,April,21,Tuesday
20260422,2026-04-22,2026,4,April,22,Wednesday
20260423,2026-04-23,2026,4,April,23,Thursday
20260424,2026-04-24,2026,4,April,24,Friday
20260425,2026-04-25,2026,4,April,25,Saturday
20260426,2026-04-26,2026,4,April,26,Sunday
20260427,2026-04-27,2026,4,April,27,Monday
20260428,2026-04-28,2026,4,April,28,Tuesday
20260429,2026-04-29,2026,4,April,29,Wednesday
20260430,2026-04-30,2026,4,April,30,Thursday
20260501,2026-05-01,2026,5,May,1,Friday
20260502,2026-05-02,2026,5,May,2,Saturday
20260503,2026-05-03,2026,5,May,3,Sunday
20260504,2026-05-04,2026,5,May,4,Monday
20260505,2026-05-05,2026,5,May,5,Tuesday
20260506,2026-05-06,2026,5,May,6,Wednesday
20260507,2026-05-07,2026,5,May,7,Thursday
20260508,2026-05-08,2026,5,May,8,Friday
20260509,2026-05-09,2026,5,May,9,Saturday
20260510,2026-05-10,2026,5,May,10,Sunday
20260511,2026-05-11,2026,5,May,11,Monday
20260512,2026-05-12,2026,5,May,12,Tuesday
20260513,2026-05-13,2026,5,May,13,Wednesday
20260514,2026-05-14,2026,5,May,14,Thursday
20260515,2026-05-15,2026,5,May,15,Friday
20260516,2026-05-16,2026,5,May,16,Saturday
20260517,2026-05-17,2026,5,May,17,Sunday
20260518,2026-05-18,2026,5,May,18,Monday
20260519,2026-05-19,2026,5,May,19,Tuesday
20260520,2026-05-20,2026,5,May,20,Wednesday
20260521,2026-05-21,2026,5,May,21,Thursday
20260522,2026-05-22,2026,5,May,22,Friday
20260523,2026-05-23,2026,5,May,23,Saturday
20260524,2026-05-24,2026,5,May,24,Sunday
20260525,2026-05-25,2026,5,May,25,Monday
20260526,2026-05-26,2026,5,May,26,Tuesday
20260527,2026-05-27,2026,5,May,27,Wednesday
20260528,2026-05-28,2026,5,May,28,Thursday
20260529,2026-05-29,2026,5,May,29,Friday
20260530,2026-05-30,2026,5,May,30,Saturday
20260531,2026-05-31,2026,5,May,31,Sunday
20260601,2026-06-01,2026,6,June,1,Monday
20260602,2026-06-02,2026,6,June,2,Tuesday
20260603,2026-06-03,2026,6,June,3,Wednesday
20260604,2026-06-04,2026,6,June,4,Thursday
20260605,2026-06-05,2026,6,June,5,Friday
20260606,2026-06-06,2026,6,June,6,Saturday
20260607,2026-06-07,2026,6,June,7,Sunday
20260608,2026-06-08,2026,6,June,8,Monday
20260609,2026-06-09,2026,6,June,9,Tuesday
20260610,2026-06-10,2026,6,June,10,Wednesday
20260611,2026-06-11,2026,6,June,11,Thursday
20260612,2026-06-12,2026,6,June,12,Friday
20260613,2026-06-13,2026,6,June,13,Saturday
20260614,2026-06-14,2026,6,June,14,Sunday
20260615,2026-06-15,2026,6,June,15,Monday
20260616,2026-06-16,2026,6,June,16,Tuesday
20260617,2026-06-17,2026,6,June,17,Wednesday
20260618,2026-06-18,2026,6,June,18,Thursday
20260619,2026-06-19,2026,6,June,19,Friday
20260620,2026-06-20,2026,6,June,20,Saturday
20260621,2026-06-21,2026,6,June,21,Sunday
20260622,2026-06-22,2026,6,June,22,Monday
20260623,2026-06-23,2026,6,June,23,Tuesday
20260624,2026-06-24,2026,6,June,24,Wednesday
20260625,2026-06-25,2026,6,June,25,Thursday
20260626,2026-06-26,2026,6,June,26,Friday
20260627,2026-06-27,2026,6,June,27,Saturday
20260628,2026-06-28,2026,6,June,28,Sunday
20260629,2026-06-29,2026,6,June,29,Monday
20260630,2026-06-30,2026,6,June,30,Tuesday
20260701,2026-07-01,2026,7,July,1,Wednesday
20260702,2026-07-02,2026,7,July,2,Thursday
20260703,2026-07-03,2026,7,July,3,Friday
20260704,2026-07-04,2026,7,July,4,Saturday
20260705,2026-07-05,2026,7,July,5,Sunday
20260706,2026-07-06,2026,7,July,6,Monday
20260707,2026-07-07,2026,7,July,7,Tuesday
20260708,2026-07-08,2026,7,July,8,Wednesday
20260709,2026-07-09,2026,7,July,9,Thursday
20260710,2026-07-10,2026,7,July,10,Friday
20260711,2026-07-11,2026,7,July,11,Saturday
20260712,2026-07-12,2026,7,July,12,Sunday
20260713,2026-07-13,2026,7,July,13,Monday
20260714,2026-07-14,2026,7,July,14,Tuesday
20260715,2026-07-15,2026,7,July,15,Wednesday
20260716,2026-07-16,2026,7,July,16,Thursday
20260717,2026-07-17,2026,7,July,17,Friday
20260718,2026-07-18,2026,7,July,18,Saturday
20260719,2026-07-19,2026,7,July,19,Sunday
20260720,2026-07-20,2026,7,July,20,Monday
20260721,2026-07-21,2026,7,July,21,Tuesday
20260722,2026-07-22,2026,7,July,22,Wednesday
20260723,2026-07-23,2026,7,July,23,Thursday
20260724,2026-07-24,2026,7,July,24,Friday
20260725,2026-07-25,2026,7,July,25,Saturday
20260726,2026-07-26,2026,7,July,26,Sunday
20260727,2026-07-27,2026,7,July,27,Monday
20260728,2026-07-28,2026,7,July,28,Tuesday
20260729,2026-07-29,2026,7,July,29,Wednesday
20260730,2026-07-30,2026,7,July,30,Thursday
20260731,2026-07-31,2026,7,July,31,Friday
20260801,2026-08-01,2026,8,August,1,Saturday
20260802,2026-08-02,2026,8,August,2,Sunday
20260803,2026-08-03,2026,8,August,3,Monday
20260804,2026-08-04,2026,8,August,4,Tuesday
20260805,2026-08-05,2026,8,August,5,Wednesday
20260806,2026-08-06,2026,8,August,6,Thursday
20260807,2026-08-07,2026,8,August,7,Friday
20260808,2026-08-08,2026,8,August,8,Saturday
20260809,2026-08-09,2026,8,August,9,Sunday
20260810,2026-08-10,2026,8,August,10,Monday
20260811,2026-08-11,2026,8,August,11,Tuesday
20260812,2026-08-12,2026,8,August,12,Wednesday
20260813,2026-08-13,2026,8,August,13,Thursday
20260814,2026-08-14,2026,8,August,14,Friday
20260815,2026-08-15,2026,8,August,15,Saturday
20260816,2026-08-16,2026,8,August,16,Sunday
20260817,2026-08-17,2026,8,August,17,Monday
20260818,2026-08-18,2026,8,August,18,Tuesday
20260819,2026-08-19,2026,8,August,19,Wednesday
20260820,2026-08-20,2026,8,August,20,Thursday
20260821,2026-08-21,2026,8,August,21,Friday
20260822,2026-08-22,2026,8,August,22,Saturday
20260823,2026-08-23,2026,8,August,23,Sunday
20260824,2026-08-24,2026,8,August,24,Monday
20260825,2026-08-25,2026,8,August,25,Tuesday
20260826,2026-08-26,2026,8,August,26,Wednesday
20260827,2026-08-27,2026,8,August,27,Thursday
20260828,2026-08-28,2026,8,August,28,Friday
20260829,2026-08-29,2026,8,August,29,Saturday
20260830,2026-08-30,2026,8,August,30,Sunday
20260831,2026-08-31,2026,8,August,31,Monday
20260901,2026-09-01,2026,9,September,1,Tuesday
20260902,2026-09-02,2026,9,September,2,Wednesday
20260903,2026-09-03,2026,9,September,3,Thursday
20260904,2026-09-04,2026,9,September,4,Friday
20260905,2026-09-05,2026,9,September,5,Saturday
20260906,2026-09-06,2026,9,September,6,Sunday
20260907,2026-09-07,2026,9,September,7,Monday
20260908,2026-09-08,2026,9,September,8,Tuesday
20260909,2026-09-09,2026,9,September,9,Wednesday
20260910,2026-09-10,2026,9,September,10,Thursday
20260911,2026-09-11,2026,9,September,11,Friday
20260912,2026-09-12,2026,9,September,12,Saturday
20260913,2026-09-13,2026,9,September,13,Sunday
20260914,2026-09-14,2026,9,September,14,Monday
20260915,2026-09-15,2026,9,September,15,Tuesday
20260916,2026-09-16,2026,9,September,16,Wednesday
20260917,2026-09-17,2026,9,September,17,Thursday
20260918,2026-09-18,2026,9,September,18,Friday
20260919,2026-09-19,2026,9,September,19,Saturday
20260920,2026-09-20,2026,9,September,20,Sunday
20260921,2026-09-21,2026,9,September,21,Monday
20260922,2026-09-22,2026,9,September,22,Tuesday
20260923,2026-09-23,2026,9,September,23,Wednesday
20260924,2026-09-24,2026,9,September,24,Thursday
20260925,2026-09-25,2026,9,September,25,Friday
20260926,2026-09-26,2026,9,September,26,Saturday
20260927,2026-09-27,2026,9,September,27,Sunday
20260928,2026-09-28,2026,9,September,28,Monday
20260929,2026-09-29,2026,9,September,29,Tuesday
20260930,2026-09-30,2026,9,September,30,Wednesday
20261001,2026-10-01,2026,10,October,1,Thursday
20261002,2026-10-02,2026,10,October,2,Friday
20261003,2026-10-03,2026,10,October,3,Saturday
20261004,2026-10-04,2026,10,October,4,Sunday
20261005,2026-10-05,2026,10,October,5,Monday
20261006,2026-10-06,2026,10,October,6,Tuesday
20261007,2026-10-07,2026,10,October,7,Wednesday
20261008,2026-10-08,2026,10,October,8,Thursday
20261009,2026-10-09,2026,10,October,9,Friday
20261010,2026-10-10,2026,10,October,10,Saturday
20261011,2026-10-11,2026,10,October,11,Sunday
20261012,2026-10-12,2026,10,October,12,Monday
20261013,2026-10-13,2026,10,October,13,Tuesday
20261014,2026-10-14,2026,10,October,14,Wednesday
20261015,2026-10-15,2026,10,October,15,Thursday
20261016,2026-10-16,2026,10,October,16,Friday
20261017,2026-10-17,2026,10,October,17,Saturday
20261018,2026-10-18,2026,10,October,18,Sunday
20261019,2026-10-19,2026,10,October,19,Monday
20261020,2026-10-20,2026,10,October,20,Tuesday
20261021,2026-10-21,2026,10,October,21,Wednesday
20261022,2026-10-22,2026,10,October,22,Thursday
20261023,2026-10-23,2026,10,October,23,Friday
20261024,2026-10-24,2026,10,October,24,Saturday
20261025,2026-10-25,2026,10,October,25,Sunday
20261026,2026-10-26,2026,10,October,26,Monday
20261027,2026-10-27,2026,10,October,27,Tuesday
20261028,2026-10-28,2026,10,October,28,Wednesday
20261029,2026-10-29,2026,10,October,29,Thursday
20261030,2026-10-30,2026,10,October,30,Friday
20261031,2026-10-31,2026,10,October,31,Saturday
20261101,2026-11-01,2026,11,November,1,Sunday
20261102,2026-11-02,2026,11,November,2,Monday
20261103,2026-11-03,2026,11,November,3,Tuesday
20261104,2026-11-04,2026,11,November,4,Wednesday
20261105,2026-11-05,2026,11,November,5,Thursday
20261106,2026-11-06,2026,11,November,6,Friday
20261107,2026-11-07,2026,11,November,7,Saturday
20261108,2026-11-08,2026,11,November,8,Sunday
20261109,2026-11-09,2026,11,November,9,Monday
20261110,2026-11-10,2026,11,November,10,Tuesday
20261111,2026-11-11,2026,11,November,11,Wednesday
20261112,2026-11-12,2026,11,November,12,Thursday
20261113,2026-11-13,2026,11,November,13,Friday
20261114,2026-11-14,2026,11,November,14,Saturday
20261115,2026-11-15,2026,11,November,15,Sunday
20261116,2026-11-16,2026,11,November,16,Monday
20261117,2026-11-17,2026,11,November,17,Tuesday
20261118,2026-11-18,2026,11,November,18,Wednesday
20261119,2026-11-19,2026,11,November,19,Thursday
20261120,2026-11-20,2026,11,November,20,Friday
20261121,2026-11-21,2026,11,November,21,Saturday
20261122,2026-11-22,2026,11,November,22,Sunday
20261123,2026-11-23,2026,11,November,23,Monday
20261124,2026-11-24,2026,11,November,24,Tuesday
20261125,2026-11-25,2026,11,November,25,Wednesday
20261126,2026-11-26,2026,11,November,26,Thursday
20261127,2026-11-27,2026,11,November,27,Friday
20261128,2026-11-28,2026,11,November,28,Saturday
20261129,2026-11-29,2026,11,November,29,Sunday
20261130,2026-11-30,2026,11,November,30,Monday
20261201,2026-12-01,2026,12,December,1,Tuesday
20261202,2026-12-02,2026,12,December,2,Wednesday
20261203,2026-12-03,2026,12,December,3,Thursday
20261204,2026-12-04,2026,12,December,4,Friday
20261205,2026-12-05,2026,12,December,5,Saturday
20261206,2026-12-06,2026,12,December,6,Sunday
20261207,2026-12-07,2026,12,December,7,Monday
20261208,2026-12-08,2026,12,December,8,Tuesday
20261209,2026-12-09,2026,12,December,9,Wednesday
20261210,2026-12-10,2026,12,December,10,Thursday
20261211,2026-12-11,2026,12,December,11,Friday
20261212,2026-12-12,2026,12,December,12,Saturday
20261213,2026-12-13,2026,12,December,13,Sunday
20261214,2026-12-14,2026,12,December,14,Monday
20261215,2026-12-15,2026,12,December,15,Tuesday
20261216,2026-12-16,2026,12,December,16,Wednesday
20261217,2026-12-17,2026,12,December,17,Thursday
20261218,2026-12-18,2026,12,December,18,Friday
20261219,2026-12-19,2026,12,December,19,Saturday
20261220,2026-12-20,2026,12,December,20,Sunday
20261221,2026-12-21,2026,12,December,21,Monday
20261222,2026-12-22,2026,12,December,22,Tuesday
20261223,2026-12-23,2026,12,December,23,Wednesday
20261224,2026-12-24,2026,12,December,24,Thursday
20261225,2026-12-25,2026,12,December,25,Friday
20261226,2026-12-26,2026,12,December,26,Saturday
20261227,2026-12-27,2026,12,December,27,Sunday
20261228,2026-12-28,2026,12,December,28,Monday
20261229,2026-12-29,2026,12,December,29,Tuesday
20261230,2026-12-30,2026,12,December,30,Wednesday
20261231,2026-12-31,2026,12,December,31,Thursday
20270101,2027-01-01,2027,1,January,1,Friday
20270102,2027-01-02,2027,1,January,2,Saturday
20270103,2027-01-03,2027,1,January,3,Sunday
20270104,2027-01-04,2027,1,January,4,Monday
20270105,2027-01-05,2027,1,January,5,Tuesday
20270106,2027-01-06,2027,1,January,6,Wednesday
20270107,2027-01-07,2027,1,January,7,Thursday
20270108,2027-01-08,2027,1,January,8,Friday
20270109,2027-01-09,2027,1,January,9,Saturday
20270110,2027-01-10,2027,1,January,10,Sunday
20270111,2027-01-11,2027,1,January,11,Monday
20270112,2027-01-12,2027,1,January,12,Tuesday
20270113,2027-01-13,2027,1,January,13,Wednesday
20270114,2027-01-14,2027,1,January,14,Thursday
20270115,2027-01-15,2027,1,January,15,Friday
20270116,2027-01-16,2027,1,January,16,Saturday
20270117,2027-01-17,2027,1,January,17,Sunday
20270118,2027-01-18,2027,1,January,18,Monday
20270119,2027-01-19,2027,1,January,19,Tuesday
20270120,2027-01-20,2027,1,January,20,Wednesday
20270121,2027-01-21,2027,1,January,21,Thursday
20270122,2027-01-22,2027,1,January,22,Friday
20270123,2027-01-23,2027,1,January,23,Saturday
20270124,2027-01-24,2027,1,January,24,Sunday
20270125,2027-01-25,2027,1,January,25,Monday
20270126,2027-01-26,2027,1,January,26,Tuesday
20270127,2027-01-27,2027,1,January,27,Wednesday
20270128,2027-01-28,2027,1,January,28,Thursday
20270129,2027-01-29,2027,1,January,29,Friday
20270130,2027-01-30,2027,1,January,30,Saturday
20270131,2027-01-31,2027,1,January,31,Sunday
20270201,2027-02-01,2027,2,February,1,Monday
20270202,2027-02-02,2027,2,February,2,Tuesday
20270203,2027-02-03,2027,2,February,3,Wednesday
20270204,2027-02-04,2027,2,February,4,Thursday
20270205,2027-02-05,2027,2,February,5,Friday
20270206,2027-02-06,2027,2,February,6,Saturday
20270207,2027-02-07,2027,2,February,7,Sunday
20270208,2027-02-08,2027,2,February,8,Monday
20270209,2027-02-09,2027,2,February,9,Tuesday
20270210,2027-02-10,2027,2,February,10,Wednesday
20270211,2027-02-11,2027,2,February,11,Thursday
20270212,2027-02-12,2027,2,February,12,Friday
20270213,2027-02-13,2027,2,February,13,Saturday
20270214,2027-02-14,2027,2,February,14,Sunday
20270215,2027-02-15,2027,2,February,15,Monday
20270216,2027-02-16,2027,2,February,16,Tuesday
20270217,2027-02-17,2027,2,February,17,Wednesday
20270218,2027-02-18,2027,2,February,18,Thursday
20270219,2027-02-19,2027,2,February,19,Friday
20270220,2027-02-20,2027,2,February,20,Saturday
20270221,2027-02-21,2027,2,February,21,Sunday
20270222,2027-02-22,2027,2,February,22,Monday
20270223,2027-02-23,2027,2,February,23,Tuesday
20270224,2027-02-24,2027,2,February,24,Wednesday
20270225,2027-02-25,2027,2,February,25,Thursday
20270226,2027-02-26,2027,2,February,26,Friday
20270227,2027-02-27,2027,2,February,27,Saturday
20270228,2027-02-28,2027,2,February,28,Sunday
20270301,2027-03-01,2027,3,March,1,Monday
20270302,2027-03-02,2027,3,March,2,Tuesday
20270303,2027-03-03,2027,3,March,3,Wednesday
20270304,2027-03-04,2027,3,March,4,Thursday
20270305,2027-03-05,2027,3,March,5,Friday
20270306,2027-03-06,2027,3,March,6,Saturday
20270307,2027-03-07,2027,3,March,7,Sunday
20270308,2027-03-08,2027,3,March,8,Monday
20270309,2027-03-09,2027,3,March,9,Tuesday
20270310,2027-03-10,2027,3,March,10,Wednesday
20270311,2027-03-11,2027,3,March,11,Thursday
20270312,2027-03-12,2027,3,March,12,Friday
20270313,2027-03-13,2027,3,March,13,Saturday
20270314,2027-03-14,2027,3,March,14,Sunday
20270315,2027-03-15,2027,3,March,15,Monday
20270316,2027-03-16,2027,3,March,16,Tuesday
20270317,2027-03-17,2027,3,March,17,Wednesday
20270318,2027-03-18,2027,3,March,18,Thursday
20270319,2027-03-19,2027,3,March,19,Friday
20270320,2027-03-20,2027,3,March,20,Saturday
20270321,2027-03-21,2027,3,March,21,Sunday
20270322,2027-03-22,2027,3,March,22,Monday
20270323,2027-03-23,2027,3,March,23,Tuesday
20270324,2027-03-24,2027,3,March,24,Wednesday
20270325,2027-03-25,2027,3,March,25,Thursday
20270326,2027-03-26,2027,3,March,26,Friday
20270327,2027-03-27,2027,3,March,27,Saturday
20270328,2027-03-28,2027,3,March,28,Sunday
20270329,2027-03-29,2027,3,March,29,Monday
20270330,2027-03-30,2027,3,March,30,Tuesday
20270331,2027-03-31,2027,3,March,31,Wednesday
20270401,2027-04-01,2027,4,April,1,Thursday
20270402,2027-04-02,2027,4,April,2,Friday
20270403,2027-04-03,2027,4,April,3,Saturday
20270404,2027-04-04,2027,4,April,4,Sunday
20270405,2027-04-05,2027,4,April,5,Monday
20270406,2027-04-06,2027,4,April,6,Tuesday
20270407,2027-04-07,2027,4,April,7,Wednesday
20270408,2027-04-08,2027,4,April,8,Thursday
20270409,2027-04-09,2027,4,April,9,Friday
20270410,2027-04-10,2027,4,April,10,Saturday
20270411,2027-04-11,2027,4,April,11,Sunday
20270412,2027-04-12,2027,4,April,12,Monday
20270413,2027-04-13,2027,4,April,13,Tuesday
20270414,2027-04-14,2027,4,April,14,Wednesday
20270415,2027-04-15,2027,4,April,15,Thursday
20270416,2027-04-16,2027,4,April,16,Friday
20270417,2027-04-17,2027,4,April,17,Saturday
20270418,2027-04-18,2027,4,April,18,Sunday
20270419,2027-04-19,2027,4,April,19,Monday
20270420,2027-04-20,2027,4,April,20,Tuesday
20270421,2027-04-21,2027,4,April,21,Wednesday
20270422,2027-04-22,2027,4,April,22,Thursday
20270423,2027-04-23,2027,4,April,23,Friday
20270424,2027-04-24,2027,4,April,24,Saturday
20270425,2027-04-25,2027,4,April,25,Sunday
20270426,2027-04-26,2027,4,April,26,Monday
20270427,2027-04-27,2027,4,April,27,Tuesday
20270428,2027-04-28,2027,4,April,28,Wednesday
20270429,2027-04-29,2027,4,April,29,Thursday
20270430,2027-04-30,2027,4,April,30,Friday
20270501,2027-05-01,2027,5,May,1,Saturday
20270502,2027-05-02,2027,5,May,2,Sunday
20270503,2027-05-03,2027,5,May,3,Monday
20270504,2027-05-04,2027,5,May,4,Tuesday
20270505,2027-05-05,2027,5,May,5,Wednesday
20270506,2027-05-06,2027,5,May,6,Thursday
20270507,2027-05-07,2027,5,May,7,Friday
20270508,2027-05-08,2027,5,May,8,Saturday
20270509,2027-05-09,2027,5,May,9,Sunday
20270510,2027-05-10,2027,5,May,10,Monday
20270511,2027-05-11,2027,5,May,11,Tuesday
20270512,2027-05-12,2027,5,May,12,Wednesday
20270513,2027-05-13,2027,5,May,13,Thursday
20270514,2027-05-14,2027,5,May,14,Friday
20270515,2027-05-15,2027,5,May,15,Saturday
20270516,2027-05-16,2027,5,May,16,Sunday
20270517,2027-05-17,2027,5,May,17,Monday
20270518,2027-05-18,2027,5,May,18,Tuesday
20270519,2027-05-19,2027,5,May,19,Wednesday
20270520,2027-05-20,2027,5,May,20,Thursday
20270521,2027-05-21,2027,5,May,21,Friday
20270522,2027-05-22,2027,5,May,22,Saturday
20270523,2027-05-23,2027,5,May,23,Sunday
20270524,2027-05-24,2027,5,May,24,Monday
20270525,2027-05-25,2027,5,May,25,Tuesday
20270526,2027-05-26,2027,5,May,26,Wednesday
20270527,2027-05-27,2027,5,May,27,Thursday
20270528,2027-05-28,2027,5,May,28,Friday
20270529,2027-05-29,2027,5,May,29,Saturday
20270530,2027-05-30,2027,5,May,30,Sunday
20270531,2027-05-31,2027,5,May,31,Monday
20270601,2027-06-01,2027,6,June,1,Tuesday
20270602,2027-06-02,2027,6,June,2,Wednesday
20270603,2027-06-03,2027,6,June,3,Thursday
20270604,2027-06-04,2027,6,June,4,Friday
20270605,2027-06-05,2027,6,June,5,Saturday
20270606,2027-06-06,2027,6,June,6,Sunday
20270607,2027-06-07,2027,6,June,7,Monday
20270608,2027-06-08,2027,6,June,8,Tuesday
20270609,2027-06-09,2027,6,June,9,Wednesday
20270610,2027-06-10,2027,6,June,10,Thursday
20270611,2027-06-11,2027,6,June,11,Friday
20270612,2027-06-12,2027,6,June,12,Saturday
20270613,2027-06-13,2027,6,June,13,Sunday
20270614,2027-06-14,2027,6,June,14,Monday
20270615,2027-06-15,2027,6,June,15,Tuesday
20270616,2027-06-16,2027,6,June,16,Wednesday
20270617,2027-06-17,2027,6,June,17,Thursday
20270618,2027-06-18,2027,6,June,18,Friday
20270619,2027-06-19,2027,6,June,19,Saturday
20270620,2027-06-20,2027,6,June,20,Sunday
20270621,2027-06-21,2027,6,June,21,Monday
20270622,2027-06-22,2027,6,June,22,Tuesday
20270623,2027-06-23,2027,6,June,23,Wednesday
20270624,2027-06-24,2027,6,June,24,Thursday
20270625,2027-06-25,2027,6,June,25,Friday
20270626,2027-06-26,2027,6,June,26,Saturday
20270627,2027-06-27,2027,6,June,27,Sunday
20270628,2027-06-28,2027,6,June,28,Monday
20270629,2027-06-29,2027,6,June,29,Tuesday
20270630,2027-06-30,2027,6,June,30,Wednesday
20270701,2027-07-01,2027,7,July,1,Thursday
20270702,2027-07-02,2027,7,July,2,Friday
20270703,2027-07-03,2027,7,July,3,Saturday
20270704,2027-07-04,2027,7,July,4,Sunday
20270705,2027-07-05,2027,7,July,5,Monday
20270706,2027-07-06,2027,7,July,6,Tuesday
20270707,2027-07-07,2027,7,July,7,Wednesday
20270708,2027-07-08,2027,7,July,8,Thursday
20270709,2027-07-09,2027,7,July,9,Friday
20270710,2027-07-10,2027,7,July,10,Saturday
20270711,2027-07-11,2027,7,July,11,Sunday
20270712,2027-07-12,2027,7,July,12,Monday
20270713,2027-07-13,2027,7,July,13,Tuesday
20270714,2027-07-14,2027,7,July,14,Wednesday
20270715,2027-07-15,2027,7,July,15,Thursday
20270716,2027-07-16,2027,7,July,16,Friday
20270717,2027-07-17,2027,7,July,17,Saturday
20270718,2027-07-18,2027,7,July,18,Sunday
20270719,2027-07-19,2027,7,July,19,Monday
20270720,2027-07-20,2027,7,July,20,Tuesday
20270721,2027-07-21,2027,7,July,21,Wednesday
20270722,2027-07-22,2027,7,July,22,Thursday
20270723,2027-07-23,2027,7,July,23,Friday
20270724,2027-07-24,2027,7,July,24,Saturday
20270725,2027-07-25,2027,7,July,25,Sunday
20270726,2027-07-26,2027,7,July,26,Monday
20270727,2027-07-27,2027,7,July,27,Tuesday
20270728,2027-07-28,2027,7,July,28,Wednesday
20270729,2027-07-29,2027,7,July,29,Thursday
20270730,2027-07-30,2027,7,July,30,Friday
20270731,2027-07-31,2027,7,July,31,Saturday
20270801,2027-08-01,2027,8,August,1,Sunday
20270802,2027-08-02,2027,8,August,2,Monday
20270803,2027-08-03,2027,8,August,3,Tuesday
20270804,2027-08-04,2027,8,August,4,Wednesday
20270805,2027-08-05,2027,8,August,5,Thursday
20270806,2027-08-06,2027,8,August,6,Friday
20270807,2027-08-07,2027,8,August,7,Saturday
20270808,2027-08-08,2027,8,August,8,Sunday
20270809,2027-08-09,2027,8,August,9,Monday
20270810,2027-08-10,2027,8,August,10,Tuesday
20270811,2027-08-11,2027,8,August,11,Wednesday
20270812,2027-08-12,2027,8,August,12,Thursday
20270813,2027-08-13,2027,8,August,13,Friday
20270814,2027-08-14,2027,8,August,14,Saturday
20270815,2027-08-15,2027,8,August,15,Sunday
20270816,2027-08-16,2027,8,August,16,Monday
20270817,2027-08-17,2027,8,August,17,Tuesday
20270818,2027-08-18,2027,8,August,18,Wednesday
20270819,2027-08-19,2027,8,August,19,Thursday
20270820,2027-08-20,2027,8,August,20,Friday
20270821,2027-08-21,2027,8,August,21,Saturday
20270822,2027-08-22,2027,8,August,22,Sunday
20270823,2027-08-23,2027,8,August,23,Monday
20270824,2027-08-24,2027,8,August,24,Tuesday
20270825,2027-08-25,2027,8,August,25,Wednesday
20270826,2027-08-26,2027,8,August,26,Thursday
20270827,2027-08-27,2027,8,August,27,Friday
20270828,2027-08-28,2027,8,August,28,Saturday
20270829,2027-08-29,2027,8,August,29,Sunday
20270830,2027-08-30,2027,8,August,30,Monday
20270831,2027-08-31,2027,8,August,31,Tuesday
20270901,2027-09-01,2027,9,September,1,Wednesday
20270902,2027-09-02,2027,9,September,2,Thursday
20270903,2027-09-03,2027,9,September,3,Friday
20270904,2027-09-04,2027,9,September,4,Saturday
20270905,2027-09-05,2027,9,September,5,Sunday
20270906,2027-09-06,2027,9,September,6,Monday
20270907,2027-09-07,2027,9,September,7,Tuesday
20270908,2027-09-08,2027,9,September,8,Wednesday
20270909,2027-09-09,2027,9,September,9,Thursday
20270910,2027-09-10,2027,9,September,10,Friday
20270911,2027-09-11,2027,9,September,11,Saturday
20270912,2027-09-12,2027,9,September,12,Sunday
20270913,2027-09-13,2027,9,September,13,Monday
20270914,2027-09-14,2027,9,September,14,Tuesday
20270915,2027-09-15,2027,9,September,15,Wednesday
20270916,2027-09-16,2027,9,September,16,Thursday
20270917,2027-09-17,2027,9,September,17,Friday
20270918,2027-09-18,2027,9,September,18,Saturday
20270919,2027-09-19,2027,9,September,19,Sunday
20270920,2027-09-20,2027,9,September,20,Monday
20270921,2027-09-21,2027,9,September,21,Tuesday
20270922,2027-09-22,2027,9,September,22,Wednesday
20270923,2027-09-23,2027,9,September,23,Thursday
20270924,2027-09-24,2027,9,September,24,Friday
20270925,2027-09-25,2027,9,September,25,Saturday
20270926,2027-09-26,2027,9,September,26,Sunday
20270927,2027-09-27,2027,9,September,27,Monday
20270928,2027-09-28,2027,9,September,28,Tuesday
20270929,2027-09-29,2027,9,September,29,Wednesday
20270930,2027-09-30,2027,9,September,30,Thursday
20271001,2027-10-01,2027,10,October,1,Friday
20271002,2027-10-02,2027,10,October,2,Saturday
20271003,2027-10-03,2027,10,October,3,Sunday
20271004,2027-10-04,2027,10,October,4,Monday
20271005,2027-10-05,2027,10,October,5,Tuesday
20271006,2027-10-06,2027,10,October,6,Wednesday
20271007,2027-10-07,2027,10,October,7,Thursday
20271008,2027-10-08,2027,10,October,8,Friday
20271009,2027-10-09,2027,10,October,9,Saturday
20271010,2027-10-10,2027,10,October,10,Sunday
20271011,2027-10-11,2027,10,October,11,Monday
20271012,2027-10-12,2027,10,October,12,Tuesday
20271013,2027-10-13,2027,10,October,13,Wednesday
20271014,2027-10-14,2027,10,October,14,Thursday
20271015,2027-10-15,2027,10,October,15,Friday
20271016,2027-10-16,2027,10,October,16,Saturday
20271017,2027-10-17,2027,10,October,17,Sunday
20271018,2027-10-18,2027,10,October,18,Monday
20271019,2027-10-19,2027,10,October,19,Tuesday
20271020,2027-10-20,2027,10,October,20,Wednesday
20271021,2027-10-21,2027,10,October,21,Thursday
20271022,2027-10-22,2027,10,October,22,Friday
20271023,2027-10-23,2027,10,October,23,Saturday
20271024,2027-10-24,2027,10,October,24,Sunday
20271025,2027-10-25,2027,10,October,25,Monday
20271026,2027-10-26,2027,10,October,26,Tuesday
20271027,2027-10-27,2027,10,October,27,Wednesday
20271028,2027-10-28,2027,10,October,28,Thursday
20271029,2027-10-29,2027,10,October,29,Friday
20271030,2027-10-30,2027,10,October,30,Saturday
20271031,2027-10-31,2027,10,October,31,Sunday
20271101,2027-11-01,2027,11,November,1,Monday
20271102,2027-11-02,2027,11,November,2,Tuesday
20271103,2027-11-03,2027,11,November,3,Wednesday
20271104,2027-11-04,2027,11,November,4,Thursday
20271105,2027-11-05,2027,11,November,5,Friday
20271106,2027-11-06,2027,11,November,6,Saturday
20271107,2027-11-07,2027,11,November,7,Sunday
20271108,2027-11-08,2027,11,November,8,Monday
20271109,2027-11-09,2027,11,November,9,Tuesday
20271110,2027-11-10,2027,11,November,10,Wednesday
20271111,2027-11-11,2027,11,November,11,Thursday
20271112,2027-11-12,2027,11,November,12,Friday
20271113,2027-11-13,2027,11,November,13,Saturday
20271114,2027-11-14,2027,11,November,14,Sunday
20271115,2027-11-15,2027,11,November,15,Monday
20271116,2027-11-16,2027,11,November,16,Tuesday
20271117,2027-11-17,2027,11,November,17,Wednesday
20271118,2027-11-18,2027,11,November,18,Thursday
20271119,2027-11-19,2027,11,November,19,Friday
20271120,2027-11-20,2027,11,November,20,Saturday
20271121,2027-11-21,2027,11,November,21,Sunday
20271122,2027-11-22,2027,11,November,22,Monday
20271123,2027-11-23,2027,11,November,23,Tuesday
20271124,2027-11-24,2027,11,November,24,Wednesday
20271125,2027-11-25,2027,11,November,25,Thursday
20271126,2027-11-26,2027,11,November,26,Friday
20271127,2027-11-27,2027,11,November,27,Saturday
20271128,2027-11-28,2027,11,November,28,Sunday
20271129,2027-11-29,2027,11,November,29,Monday
20271130,2027-11-30,2027,11,November,30,Tuesday
20271201,2027-12-01,2027,12,December,1,Wednesday
20271202,2027-12-02,2027,12,December,2,Thursday
20271203,2027-12-03,2027,12,December,3,Friday
20271204,2027-12-04,2027,12,December,4,Saturday
20271205,2027-12-05,2027,12,December,5,Sunday
20271206,2027-12-06,2027,12,December,6,Monday
20271207,2027-12-07,2027,12,December,7,Tuesday
20271208,2027-12-08,2027,12,December,8,Wednesday
20271209,2027-12-09,2027,12,December,9,Thursday
20271210,2027-12-10,2027,12,December,10,Friday
20271211,2027-12-11,2027,12,December,11,Saturday
20271212,2027-12-12,2027,12,December,12,Sunday
20271213,2027-12-13,2027,12,December,13,Monday
20271214,2027-12-14,2027,12,December,14,Tuesday
20271215,2027-12-15,2027,12,December,15,Wednesday
20271216,2027-12-16,2027,12,December,16,Thursday
20271217,2027-12-17,2027,12,December,17,Friday
20271218,2027-12-18,2027,12,December,18,Saturday
20271219,2027-12-19,2027,12,December,19,Sunday
20271220,2027-12-20,2027,12,December,20,Monday
20271221,2027-12-21,2027,12,December,21,Tuesday
20271222,2027-12-22,2027,12,December,22,Wednesday
20271223,2027-12-23,2027,12,December,23,Thursday
20271224,2027-12-24,2027,12,December,24,Friday
20271225,2027-12-25,2027,12,December,25,Saturday
20271226,2027-12-26,2027,12,December,26,Sunday
20271227,2027-12-27,2027,12,December,27,Monday
20271228,2027-12-28,2027,12,December,28,Tuesday
20271229,2027-12-29,2027,12,December,29,Wednesday
20271230,2027-12-30,2027,12,December,30,Thursday
20271231,2027-12-31,2027,12,December,31,Friday
